{"cameraMode":{"drawMode":0,"name":"Shaded","section":"Shading Mode"},"sceneLighting":true,"audioPlay":false,"sceneViewState":{"showFog":true,"showMaterialUpdate":false,"showSkybox":false,"showFlares":true,"showImageEffects":true,"showParticleSystems":true},"in2DMode":false,"pivot":{"x":0.1098785400390625,"y":0.10570526123046875,"z":0.05875396728515625},"rotation":{"x":-0.0017108272295445204,"y":0.9920554757118225,"z":-0.12597376108169557,"w":-0.010972841642796994},"size":65.89093780517578,"orthographic":true}