{"cameraMode":{"drawMode":0,"name":"Shaded","section":"Shading Mode"},"sceneLighting":true,"audioPlay":false,"sceneViewState":{"showFog":true,"showMaterialUpdate":false,"showSkybox":false,"showFlares":true,"showImageEffects":true,"showParticleSystems":true},"in2DMode":false,"pivot":{"x":0.06416015326976776,"y":0.04011296108365059,"z":-0.02701975777745247},"rotation":{"x":0.17962989211082459,"y":0.015783607959747316,"z":-0.0038300848100334408,"w":0.9838264584541321},"size":0.024707743898034097,"orthographic":true}