{"cameraMode":{"drawMode":0,"name":"Shaded","section":"Shading Mode"},"sceneLighting":true,"audioPlay":false,"sceneViewState":{"showFog":true,"showMaterialUpdate":false,"showSkybox":false,"showFlares":true,"showImageEffects":true,"showParticleSystems":true},"in2DMode":false,"pivot":{"x":0.09147033095359802,"y":0.07698884606361389,"z":-0.03496703878045082},"rotation":{"x":0.007133631967008114,"y":0.07338456064462662,"z":0.0010723990853875876,"w":-0.9975280165672302},"size":0.022327827289700509,"orthographic":true}