{"cameraMode":{"drawMode":0,"name":"Shaded","section":"Shading Mode"},"sceneLighting":true,"audioPlay":false,"sceneViewState":{"showFog":true,"showMaterialUpdate":false,"showSkybox":false,"showFlares":true,"showImageEffects":true,"showParticleSystems":true},"in2DMode":false,"pivot":{"x":-0.15799999237060548,"y":0.38400816917419436,"z":0.18082857131958009},"rotation":{"x":0.0686706155538559,"y":0.06657708436250687,"z":-0.006873506586998701,"w":0.9957249760627747},"size":4.849742412567139,"orthographic":true}