{"cameraMode":{"drawMode":0,"name":"Shaded","section":"Shading Mode"},"sceneLighting":true,"audioPlay":false,"sceneViewState":{"showFog":true,"showMaterialUpdate":false,"showSkybox":false,"showFlares":true,"showImageEffects":true,"showParticleSystems":true},"in2DMode":false,"pivot":{"x":-0.031000137329101564,"y":0.5812125205993652,"z":0.0034546852111816408},"rotation":{"x":-0.03889743238687515,"y":-0.06326727569103241,"z":0.002976961201056838,"w":-0.9974760413169861},"size":12.12435531616211,"orthographic":true}