{"cameraMode":{"drawMode":0,"name":"Shaded","section":"Shading Mode"},"sceneLighting":false,"audioPlay":false,"sceneViewState":{"showFog":true,"showMaterialUpdate":false,"showSkybox":false,"showFlares":true,"showImageEffects":true,"showParticleSystems":true},"in2DMode":false,"pivot":{"x":0.649910569190979,"y":-0.04583776742219925,"z":-0.1319558024406433},"rotation":{"x":0.1760464459657669,"y":0.059184178709983829,"z":-0.011530565097928048,"w":0.9827667474746704},"size":0.4646308720111847,"orthographic":true}