{"cameraMode":{"drawMode":0,"name":"Shaded","section":"Shading Mode"},"sceneLighting":true,"audioPlay":false,"sceneViewState":{"showFog":true,"showMaterialUpdate":false,"showSkybox":false,"showFlares":true,"showImageEffects":true,"showParticleSystems":true},"in2DMode":false,"pivot":{"x":0.0535782091319561,"y":0.07687988877296448,"z":-0.01269836351275444},"rotation":{"x":0.12680579721927644,"y":0.8423945903778076,"z":-0.22677288949489594,"w":0.4722749590873718},"size":0.11731094866991043,"orthographic":true}