{"cameraMode":{"drawMode":0,"name":"Shaded","section":"Shading Mode"},"sceneLighting":true,"audioPlay":false,"sceneViewState":{"showFog":true,"showMaterialUpdate":false,"showSkybox":true,"showFlares":true,"showImageEffects":true,"showParticleSystems":true},"in2DMode":false,"pivot":{"x":-0.041039466857910159,"y":0.28411388397216799,"z":-1.144352674484253},"rotation":{"x":0.05211383104324341,"y":0.026539044454693795,"z":-0.0039621805772185329,"w":0.9986209273338318},"size":8.011041641235352,"orthographic":true}