{"cameraMode":{"drawMode":0,"name":"Shaded","section":"Shading Mode"},"sceneLighting":false,"audioPlay":false,"sceneViewState":{"showFog":true,"showMaterialUpdate":false,"showSkybox":false,"showFlares":true,"showImageEffects":true,"showParticleSystems":true},"in2DMode":false,"pivot":{"x":-26.008777618408204,"y":32.1767463684082,"z":3.3484067916870119},"rotation":{"x":0.09489571303129196,"y":-0.043923359364271167,"z":0.0038593322969973089,"w":0.994580090045929},"size":145.08441162109376,"orthographic":true}