{"cameraMode":{"drawMode":0,"name":"Shaded","section":"Shading Mode"},"sceneLighting":false,"audioPlay":false,"sceneViewState":{"showFog":true,"showMaterialUpdate":false,"showSkybox":false,"showFlares":true,"showImageEffects":true,"showParticleSystems":true},"in2DMode":false,"pivot":{"x":3.742793083190918,"y":1.3382844924926758,"z":0.1000070869922638},"rotation":{"x":0.2701879143714905,"y":-0.4118563234806061,"z":0.12874415516853333,"w":0.8608531355857849},"size":4.662680625915527,"orthographic":true}