{"cameraMode":{"drawMode":0,"name":"Shaded","section":"Shading Mode"},"sceneLighting":false,"audioPlay":false,"sceneViewState":{"showFog":true,"showMaterialUpdate":false,"showSkybox":false,"showFlares":true,"showImageEffects":true,"showParticleSystems":true},"in2DMode":false,"pivot":{"x":-55.798465728759769,"y":-0.18052363395690919,"z":32.294151306152347},"rotation":{"x":-0.020960617810487748,"y":-0.026401139795780183,"z":0.0022645953577011825,"w":-0.9997224807739258},"size":1.6447111368179322,"orthographic":true}