{"cameraMode":{"drawMode":0,"name":"Shaded","section":"Shading Mode"},"sceneLighting":true,"audioPlay":false,"sceneViewState":{"showFog":true,"showMaterialUpdate":false,"showSkybox":false,"showFlares":true,"showImageEffects":true,"showParticleSystems":true},"in2DMode":false,"pivot":{"x":-0.01728031411767006,"y":-0.466770738363266,"z":-0.43305566906929018},"rotation":{"x":0.04355049505829811,"y":-0.032148487865924838,"z":-0.0006264873663894832,"w":0.998859703540802},"size":0.5403461456298828,"orthographic":true}