{"cameraMode":{"drawMode":0,"name":"Shaded","section":"Shading Mode"},"sceneLighting":true,"audioPlay":false,"sceneViewState":{"showFog":true,"showMaterialUpdate":false,"showSkybox":false,"showFlares":true,"showImageEffects":true,"showParticleSystems":true},"in2DMode":false,"pivot":{"x":-0.10143374651670456,"y":0.0471000075340271,"z":-0.034461501985788348},"rotation":{"x":-0.36031660437583926,"y":-0.154611736536026,"z":0.06157691404223442,"w":-0.9181522727012634},"size":0.13261015713214875,"orthographic":true}