{"cameraMode":{"drawMode":0,"name":"Shaded","section":"Shading Mode"},"sceneLighting":false,"audioPlay":false,"sceneViewState":{"showFog":true,"showMaterialUpdate":false,"showSkybox":false,"showFlares":true,"showImageEffects":true,"showParticleSystems":true},"in2DMode":false,"pivot":{"x":-748.8546142578125,"y":-270.9311218261719,"z":191.19699096679688},"rotation":{"x":-0.36076268553733828,"y":-0.00865362398326397,"z":0.005182249937206507,"w":-0.9329183101654053},"size":2.3646321296691896,"orthographic":true}